timestamp,open,high,low,close,volume
2022-10-24 17:59:47,152.57,152.58,151.25,152.24,30668150
2022-10-25 17:59:47,149.13,150.27,148.71,149.7,28458875
2022-10-26 17:59:47,150.44,152.53,148.73,149.63,26596821
2022-10-27 17:59:47,148.77,148.9,148.03,148.37,21417121
2022-10-28 17:59:47,149.44,149.62,148.65,149.01,23494228
2022-10-31 17:59:47,151.46,151.76,149.72,151.24,40191417
2022-11-01 17:59:47,150.38,150.44,149.98,150.04,16424715
2022-11-02 17:59:47,151.95,153.13,150.54,151.87,19046210
2022-11-03 17:59:47,152.88,153.68,152.74,152.74,26602069
2022-11-04 17:59:47,151.71,152.05,151.06,151.47,48102826
2022-11-07 17:59:47,151.82,151.97,151.63,151.64,30436834
2022-11-08 17:59:47,154.16,155.57,152.1,152.93,17696373
2022-11-09 17:59:47,151.18,151.59,149.67,151.31,36714418
2022-11-10 17:59:47,149.53,150.36,148.8,149.9,16678655
2022-11-11 17:59:47,148.11,149.87,147.85,147.87,41696095
2022-11-14 17:59:47,143.65,144.95,142.03,144.21,17134510
2022-11-15 17:59:47,143.62,144.6,143.6,143.61,9096929
2022-11-16 17:59:47,143.67,144.51,142.71,143.88,29298968
2022-11-17 17:59:47,142.52,143.34,142.44,142.51,37599289
2022-11-18 17:59:47,144.72,145.28,144.71,144.97,36526537
2022-11-21 17:59:47,138.84,139.83,137.83,138.69,37953686
2022-11-22 17:59:47,140.72,141.08,139.75,139.79,26832842
2022-11-23 17:59:47,139.88,140.01,139.17,139.79,20904386
2022-11-24 17:59:47,140.33,141.83,138.44,139.58,42176835
2022-11-25 17:59:47,137.14,138.34,136.06,136.86,30272630
2022-11-28 17:59:47,137.49,138.76,137.0,137.86,22997876
2022-11-29 17:59:47,134.28,135.56,133.35,134.93,31659306
2022-11-30 17:59:47,132.81,133.25,131.99,132.92,7473783
2022-12-01 17:59:47,133.13,133.17,132.83,133.02,43620576
2022-12-02 17:59:47,134.35,134.54,133.81,134.28,7187023
2022-12-05 17:59:47,131.71,132.56,130.15,131.13,43676414
2022-12-06 17:59:47,132.03,132.99,131.32,131.41,32190210
2022-12-07 17:59:47,131.78,132.19,131.23,131.52,38995742
2022-12-08 17:59:47,137.86,139.16,137.71,137.99,14402434
2022-12-09 17:59:47,137.94,138.78,137.52,137.99,31939960
2022-12-12 17:59:47,136.54,138.09,135.92,136.37,11510257
2022-12-13 17:59:47,137.48,138.28,136.21,137.48,13292619
2022-12-14 17:59:47,139.59,139.89,138.85,139.1,29764696
2022-12-15 17:59:47,143.4,144.82,142.05,143.73,27362335
2022-12-16 17:59:47,146.07,147.12,145.38,146.14,12497337
2022-12-19 17:59:47,147.66,148.49,146.61,147.14,29228390
2022-12-20 17:59:47,148.45,148.79,147.25,148.6,34659733
2022-12-21 17:59:47,148.69,149.8,147.57,148.38,41946223
2022-12-22 17:59:47,146.08,147.0,145.94,146.2,37636392
2022-12-23 17:59:47,150.63,152.2,150.62,150.87,7629305
2022-12-26 17:59:47,149.3,151.05,148.49,149.23,25209694
2022-12-27 17:59:47,150.8,151.48,150.31,150.32,42583491
2022-12-28 17:59:47,148.26,148.56,146.81,148.02,5804716
2022-12-29 17:59:47,146.75,146.91,146.11,146.37,49463934
2022-12-30 17:59:47,144.64,145.66,144.61,145.27,38909785
2023-01-02 17:59:47,144.93,145.57,144.11,145.14,20499316
2023-01-03 17:59:47,148.64,148.8,147.74,148.52,20047690
2023-01-04 17:59:47,146.54,147.68,146.4,146.54,38346737
2023-01-05 17:59:47,149.05,150.11,148.67,148.79,33759825
2023-01-06 17:59:47,148.66,149.57,148.12,148.73,11681895
2023-01-09 17:59:47,151.97,153.07,151.21,151.28,33877106
2023-01-10 17:59:47,150.25,151.15,149.2,150.06,26687447
2023-01-11 17:59:47,150.39,151.06,148.34,149.38,32655530
2023-01-12 17:59:47,144.32,145.05,142.33,144.21,6464265
2023-01-13 17:59:47,143.65,144.16,143.09,143.63,39239649
2023-01-16 17:59:47,139.06,140.03,138.01,139.42,48770331
2023-01-17 17:59:47,139.29,139.58,138.64,138.94,36935833
2023-01-18 17:59:47,134.28,135.19,133.82,134.83,15560393
2023-01-19 17:59:47,133.9,135.43,133.66,134.4,12257893
2023-01-20 17:59:47,135.47,135.96,134.22,135.65,7614649
2023-01-23 17:59:47,137.88,137.99,137.39,137.94,37709218
2023-01-24 17:59:47,139.52,139.79,139.12,139.44,38310319
2023-01-25 17:59:47,139.53,140.42,138.7,140.03,47014252
2023-01-26 17:59:47,138.48,138.75,137.9,138.65,7863061
2023-01-27 17:59:47,136.72,137.44,136.5,136.69,20742316
2023-01-30 17:59:47,130.83,132.69,129.54,131.27,25863747
2023-01-31 17:59:47,132.01,132.64,131.68,132.45,38691372
2023-02-01 17:59:47,132.79,132.84,132.42,132.84,27797589
2023-02-02 17:59:47,134.22,134.6,133.43,133.7,48117174
2023-02-03 17:59:47,132.05,134.01,131.95,132.55,18131772
2023-02-06 17:59:47,132.52,133.34,131.13,132.56,40421492
2023-02-07 17:59:47,133.5,133.68,133.24,133.33,10338594
2023-02-08 17:59:47,133.58,135.97,133.53,133.83,36597576
2023-02-09 17:59:47,131.94,132.49,130.78,131.76,29001140
2023-02-10 17:59:47,132.8,134.46,132.04,133.46,19436629
2023-02-13 17:59:47,135.84,136.21,135.33,135.66,39162617
2023-02-14 17:59:47,139.08,140.24,137.94,138.4,30665285
2023-02-15 17:59:47,138.11,138.18,135.77,137.51,12657394
2023-02-16 17:59:47,137.69,139.95,136.96,137.31,22104526
2023-02-17 17:59:47,135.47,136.08,135.27,135.97,39346286
2023-02-20 17:59:47,134.88,135.0,133.54,134.68,49728409
2023-02-21 17:59:47,132.72,133.48,132.13,133.39,10047159
2023-02-22 17:59:47,130.69,131.45,130.39,131.11,49949237
2023-02-23 17:59:47,129.57,130.04,129.33,129.57,17794902
2023-02-24 17:59:47,130.06,130.58,129.96,130.39,10374258
2023-02-27 17:59:47,131.85,133.05,131.7,132.13,43542011
2023-02-28 17:59:47,134.15,134.67,133.03,133.61,27712551
2023-03-01 17:59:47,136.04,136.74,135.03,135.46,20538822
2023-03-02 17:59:47,130.08,130.79,129.67,130.06,22360660
2023-03-03 17:59:47,130.91,131.25,130.7,130.99,47080693
2023-03-06 17:59:47,132.5,132.94,131.75,132.28,18835660
2023-03-07 17:59:47,133.3,135.09,133.07,133.65,6855078
2023-03-08 17:59:47,133.97,134.18,132.83,133.98,19694996
2023-03-09 17:59:47,135.26,136.16,134.8,135.75,15770600
2023-03-10 17:59:47,136.13,137.4,134.2,136.51,46233932
2023-03-13 17:59:47,139.71,141.12,137.74,139.35,32947998
2023-03-14 17:59:47,138.64,139.5,137.7,138.24,35069687
2023-03-15 17:59:47,137.76,137.95,136.75,137.48,11274697
2023-03-16 17:59:47,135.97,136.58,135.95,136.05,16997198
2023-03-17 17:59:47,141.23,141.52,140.29,140.44,47977984
2023-03-20 17:59:47,138.38,138.72,137.94,138.61,32816767
2023-03-21 17:59:47,136.97,138.45,135.13,136.47,30525573
2023-03-22 17:59:47,138.23,138.58,137.95,138.14,45140673
2023-03-23 17:59:47,138.61,138.85,137.49,137.78,18043032
2023-03-24 17:59:47,141.07,141.93,139.09,140.25,49535682
2023-03-27 17:59:47,142.09,142.69,141.96,142.5,5571912
2023-03-28 17:59:47,143.82,144.61,143.17,143.69,40486425
2023-03-29 17:59:47,141.54,142.17,141.09,141.52,30358784
2023-03-30 17:59:47,137.33,138.06,136.7,137.83,49218255
2023-03-31 17:59:47,140.29,141.79,139.5,140.69,39939456
2023-04-03 17:59:47,141.38,141.39,140.37,141.26,15300023
2023-04-04 17:59:47,138.61,139.09,137.79,138.85,14936165
2023-04-05 17:59:47,142.57,142.87,142.22,142.63,39130470
2023-04-06 17:59:47,142.25,142.38,141.86,142.37,24484931
2023-04-07 17:59:47,143.84,144.43,143.55,143.91,32577332
2023-04-10 17:59:47,142.19,143.97,141.81,142.65,32593492
2023-04-11 17:59:47,144.01,144.25,143.26,143.91,47311825
2023-04-12 17:59:47,145.38,146.15,144.99,145.66,15281864
2023-04-13 17:59:47,141.15,142.59,139.84,140.65,25430289
2023-04-14 17:59:47,139.32,139.35,138.7,138.88,43788321
2023-04-17 17:59:47,137.64,138.62,136.58,138.06,28473278
2023-04-18 17:59:47,137.25,138.2,136.54,136.88,25427087
2023-04-19 17:59:47,137.27,137.46,136.26,136.39,43874901
2023-04-20 17:59:47,139.22,139.61,138.15,138.53,26929971
2023-04-21 17:59:47,136.69,136.95,136.62,136.71,5938389
2023-04-24 17:59:47,133.88,134.81,132.8,134.51,9511366
2023-04-25 17:59:47,135.33,135.39,134.54,135.11,8425926
2023-04-26 17:59:47,136.62,137.06,136.33,136.74,44339438
2023-04-27 17:59:47,140.41,141.22,139.8,140.29,21141807
2023-04-28 17:59:47,138.62,139.96,137.61,139.19,25561422
2023-05-01 17:59:47,137.88,138.22,137.27,138.0,35007205
2023-05-02 17:59:47,136.53,137.33,136.09,136.91,11125407
2023-05-03 17:59:47,135.22,135.97,134.66,135.53,41605165
2023-05-04 17:59:47,132.87,134.26,132.87,133.77,10849986
2023-05-05 17:59:47,135.18,135.81,134.28,135.13,15301841
2023-05-08 17:59:47,134.71,136.05,134.54,135.48,8681711
2023-05-09 17:59:47,136.5,136.82,136.07,136.08,49060006
2023-05-10 17:59:47,137.67,138.59,136.73,137.18,7379993
2023-05-11 17:59:47,136.44,137.51,135.54,136.66,31009940
2023-05-12 17:59:47,140.0,140.59,137.68,138.88,7558461
2023-05-15 17:59:47,140.84,141.62,139.64,140.61,25906263
2023-05-16 17:59:47,139.45,140.12,138.81,140.0,22052787
2023-05-17 17:59:47,142.68,142.93,141.64,142.33,9738859
2023-05-18 17:59:47,139.98,140.54,139.37,139.65,36373012
2023-05-19 17:59:47,141.01,141.67,140.91,141.35,33461258
2023-05-22 17:59:47,138.22,138.4,137.9,138.22,28246916
2023-05-23 17:59:47,139.32,139.72,138.88,139.33,22885031
2023-05-24 17:59:47,140.25,141.26,139.37,139.55,22285200
2023-05-25 17:59:47,139.42,139.72,138.49,139.69,43780081
2023-05-26 17:59:47,141.36,141.69,141.2,141.44,6026274
2023-05-29 17:59:47,142.24,142.7,141.73,142.16,10572419
2023-05-30 17:59:47,139.7,140.01,139.46,140.0,45124530
2023-05-31 17:59:47,142.27,142.69,141.45,142.09,22840690
2023-06-01 17:59:47,143.86,144.42,142.31,143.45,19581166
2023-06-02 17:59:47,144.07,144.3,142.17,143.34,12191743
2023-06-05 17:59:47,140.86,141.43,140.07,140.72,9178410
2023-06-06 17:59:47,140.52,141.2,140.13,140.26,33248664
2023-06-07 17:59:47,141.93,142.15,141.19,141.89,19641559
2023-06-08 17:59:47,140.85,141.46,139.31,140.07,28055628
2023-06-09 17:59:47,140.1,141.53,139.88,140.54,27307673
2023-06-12 17:59:47,134.82,136.57,133.73,135.29,22058059
2023-06-13 17:59:47,135.34,136.32,135.07,135.36,21288051
2023-06-14 17:59:47,131.39,132.18,130.99,131.16,45581422
2023-06-15 17:59:47,134.1,135.01,132.85,134.8,43965410
2023-06-16 17:59:47,134.56,135.2,134.25,134.55,27065409
2023-06-19 17:59:47,134.1,135.22,133.52,134.43,44971656
2023-06-20 17:59:47,137.41,137.98,135.77,136.68,34013099
2023-06-21 17:59:47,138.26,139.08,137.62,137.75,42398147
2023-06-22 17:59:47,139.59,139.87,139.1,139.26,38059846
2023-06-23 17:59:47,137.84,138.32,137.17,137.24,14880368
2023-06-26 17:59:47,137.85,139.0,137.19,138.25,42453357
2023-06-27 17:59:47,138.09,138.55,136.56,137.73,29631998
2023-06-28 17:59:47,136.64,136.77,136.39,136.74,8520675
2023-06-29 17:59:47,135.45,136.64,134.18,135.88,39936954
2023-06-30 17:59:47,134.39,135.49,134.33,134.78,20223291
2023-07-03 17:59:47,132.7,132.83,132.54,132.65,43291976
2023-07-04 17:59:47,131.58,131.96,131.34,131.51,27685993
2023-07-05 17:59:47,128.49,129.35,128.32,128.95,13242104
2023-07-06 17:59:47,130.42,131.17,129.82,130.6,13523648
2023-07-07 17:59:47,130.74,131.03,130.33,130.92,27640283
2023-07-10 17:59:47,129.81,130.41,129.04,130.06,33471173
2023-07-11 17:59:47,128.68,129.24,127.78,128.29,49265466
2023-07-12 17:59:47,126.06,126.38,125.96,126.24,26862606
2023-07-13 17:59:47,128.8,129.07,127.78,128.44,39705377
2023-07-14 17:59:47,131.55,132.04,130.76,131.51,37824537
2023-07-17 17:59:47,134.96,135.87,134.44,134.51,29547929
2023-07-18 17:59:47,130.95,131.29,130.22,130.73,35008781
2023-07-19 17:59:47,134.99,135.37,134.44,134.73,44671165
2023-07-20 17:59:47,132.67,133.25,131.74,132.1,42309158
2023-07-21 17:59:47,135.32,136.01,135.0,135.18,28839477
2023-07-24 17:59:47,134.5,135.96,133.94,135.08,23731734
2023-07-25 17:59:47,133.93,135.32,133.88,134.09,21448772
2023-07-26 17:59:47,134.75,135.64,133.73,134.24,40051143
2023-07-27 17:59:47,135.41,136.5,134.5,135.34,22025159
2023-07-28 17:59:47,139.91,141.31,139.45,139.85,21581378
2023-07-31 17:59:47,139.03,139.89,138.74,139.4,33187660
2023-08-01 17:59:47,136.36,136.87,135.6,136.58,30294609
2023-08-02 17:59:47,132.9,133.82,132.17,133.29,30271382
2023-08-03 17:59:47,131.21,131.56,130.16,131.28,47598613
2023-08-04 17:59:47,130.14,130.35,128.78,130.2,27087127
2023-08-07 17:59:47,128.44,129.38,128.29,128.32,10903348
2023-08-08 17:59:47,127.42,127.93,126.45,127.32,17666875
2023-08-09 17:59:47,126.75,127.39,126.4,126.55,29782900
2023-08-10 17:59:47,125.53,126.25,125.03,125.77,20163712
2023-08-11 17:59:47,123.67,124.17,123.47,123.69,45954359
2023-08-14 17:59:47,121.07,123.16,119.58,121.85,26858972
2023-08-15 17:59:47,126.17,127.88,125.81,126.59,37053428
2023-08-16 17:59:47,127.21,128.44,126.85,127.75,48030781
2023-08-17 17:59:47,127.95,128.81,127.52,128.26,29609148
2023-08-18 17:59:47,130.05,131.41,129.64,130.26,10241670
2023-08-21 17:59:47,132.2,132.79,131.27,132.17,45635343
2023-08-22 17:59:47,129.49,130.24,129.17,129.74,39024584
2023-08-23 17:59:47,129.09,129.27,128.4,128.61,40333257
2023-08-24 17:59:47,129.6,129.67,128.23,129.53,5054885
2023-08-25 17:59:47,129.62,130.57,128.63,129.82,23020396
2023-08-28 17:59:47,128.01,129.04,127.79,128.35,33961214
2023-08-29 17:59:47,125.89,126.48,125.63,126.23,16926419
2023-08-30 17:59:47,126.21,126.7,125.56,126.03,39321126
2023-08-31 17:59:47,126.21,126.53,125.89,126.43,34022912
2023-09-01 17:59:47,123.96,124.15,122.92,123.75,27142280
2023-09-04 17:59:47,124.1,124.79,123.41,124.68,37880615
2023-09-05 17:59:47,126.41,127.09,125.94,126.33,13097464
2023-09-06 17:59:47,128.0,128.6,126.94,127.36,46414149
2023-09-07 17:59:47,128.33,129.44,128.08,128.54,45462057
2023-09-08 17:59:47,127.93,127.98,126.97,127.87,33433007
2023-09-11 17:59:47,127.71,128.35,126.95,127.47,35387236
2023-09-12 17:59:47,127.98,128.95,127.02,127.58,5725533
2023-09-13 17:59:47,130.02,131.36,129.67,130.55,33308035
2023-09-14 17:59:47,129.01,129.49,128.01,128.28,30483889
2023-09-15 17:59:47,130.08,130.55,129.27,129.99,6312179
2023-09-18 17:59:47,131.42,133.44,130.74,131.33,19098942
2023-09-19 17:59:47,131.87,132.48,130.29,131.68,49727031
2023-09-20 17:59:47,132.01,132.95,131.66,131.91,39336013
2023-09-21 17:59:47,131.25,132.1,130.35,131.84,44970358
2023-09-22 17:59:47,130.71,131.26,129.99,130.31,43426230
2023-09-25 17:59:47,131.11,132.07,129.47,130.59,17662731
2023-09-26 17:59:47,129.5,130.09,128.28,129.85,26796411
2023-09-27 17:59:47,130.9,131.68,130.63,131.59,38879059
2023-09-28 17:59:47,132.02,132.08,131.45,132.06,33596496
2023-09-29 17:59:47,127.67,129.06,127.42,128.11,23685466
2023-10-02 17:59:47,128.14,129.53,127.06,128.53,14745408
2023-10-03 17:59:47,130.48,130.81,130.26,130.37,41706779
2023-10-04 17:59:47,127.24,127.61,126.7,127.12,39777788
2023-10-05 17:59:47,127.26,127.46,126.71,127.38,45337283
2023-10-06 17:59:47,125.59,126.57,124.71,125.53,26425166
2023-10-09 17:59:47,126.29,127.8,125.42,126.94,20451810
2023-10-10 17:59:47,129.13,129.57,128.58,128.76,15782476
2023-10-11 17:59:47,130.98,131.35,129.35,131.12,45123772
2023-10-12 17:59:47,134.47,135.27,133.79,133.87,46738994
2023-10-13 17:59:47,133.54,134.58,132.53,133.32,20508324
2023-10-16 17:59:47,134.0,134.22,133.75,134.08,35412976
2023-10-17 17:59:47,137.01,137.87,136.56,137.39,10188344
2023-10-18 17:59:47,140.22,140.44,139.84,140.05,15646072
2023-10-19 17:59:47,139.89,140.2,139.5,140.07,36685650
2023-10-20 17:59:47,141.43,143.72,140.33,141.69,45647753
2023-10-23 17:59:47,142.21,143.26,140.89,142.09,5253878
2023-10-24 17:59:47,146.3,147.23,146.18,146.27,7117371
2023-10-25 17:59:47,146.08,147.99,145.76,146.73,40677744
2023-10-26 17:59:47,149.03,149.35,148.88,149.06,13959068
2023-10-27 17:59:47,155.9,156.82,155.38,155.93,34610454
2023-10-30 17:59:47,154.63,155.81,153.42,155.3,6244241
2023-10-31 17:59:47,152.99,153.35,152.41,152.86,8818510
2023-11-01 17:59:47,150.16,150.61,149.86,150.19,19386689
2023-11-02 17:59:47,149.09,150.06,148.85,149.09,46579872
2023-11-03 17:59:47,152.93,154.48,152.04,153.65,32890071
2023-11-06 17:59:47,148.29,148.53,147.36,147.91,33297348
2023-11-07 17:59:47,145.04,146.07,143.77,145.04,31359153
2023-11-08 17:59:47,147.67,149.13,147.27,147.37,26550176
2023-11-09 17:59:47,151.08,151.69,150.11,151.11,36517472
2023-11-10 17:59:47,151.89,153.92,151.17,152.74,48303986
2023-11-13 17:59:47,153.02,153.39,151.3,152.86,18215425
2023-11-14 17:59:47,149.71,151.84,148.78,150.36,36298165
2023-11-15 17:59:47,150.1,150.29,149.28,149.6,32666401
2023-11-16 17:59:47,153.14,153.87,152.77,153.83,7281734
2023-11-17 17:59:47,151.87,152.43,150.72,151.95,13982621
2023-11-20 17:59:47,146.85,148.12,146.77,147.03,16757458
2023-11-21 17:59:47,146.36,147.15,144.17,146.21,5178707
2023-11-22 17:59:47,145.37,146.25,144.39,144.84,5269914
2023-11-23 17:59:47,142.19,142.5,141.3,142.27,28700044
2023-11-24 17:59:47,145.19,147.02,143.88,145.45,29254829
2023-11-27 17:59:47,144.93,146.52,144.03,144.42,20142356
2023-11-28 17:59:47,143.54,144.03,142.69,142.83,21331839
2023-11-29 17:59:47,142.74,143.32,142.43,142.98,41264932
2023-11-30 17:59:47,142.86,143.59,142.16,142.41,20245995
2023-12-01 17:59:47,142.67,143.13,141.76,142.76,32956290
2023-12-04 17:59:47,143.7,144.15,142.52,143.53,30455368
2023-12-05 17:59:47,143.48,144.79,143.04,143.72,13267231
2023-12-06 17:59:47,142.62,143.92,142.12,142.43,38145511
2023-12-07 17:59:47,138.46,139.98,138.02,138.57,14092212
2023-12-08 17:59:47,137.47,137.69,136.3,137.57,49267906
2023-12-11 17:59:47,134.64,135.56,134.44,134.96,16111483
2023-12-12 17:59:47,136.93,137.39,136.37,136.55,6770223
2023-12-13 17:59:47,138.49,139.13,138.22,138.32,12671285
2023-12-14 17:59:47,141.53,141.68,140.27,141.48,26324688
2023-12-15 17:59:47,142.6,143.15,141.42,142.0,27852264
2023-12-18 17:59:47,145.29,146.76,144.13,145.14,48387002
2023-12-19 17:59:47,145.58,145.69,144.71,145.56,19379545
2023-12-20 17:59:47,145.45,145.97,145.21,145.54,5502521
2023-12-21 17:59:47,146.01,146.36,145.28,146.05,13978149
2023-12-22 17:59:47,145.87,146.16,144.56,146.12,48235824
2023-12-25 17:59:47,147.47,147.8,146.97,147.76,32188156
2023-12-26 17:59:47,148.07,149.26,146.71,148.63,36505291
2023-12-27 17:59:47,149.14,149.31,148.52,148.73,10722616
2023-12-28 17:59:47,147.36,147.96,146.81,147.44,29985168
2023-12-29 17:59:47,149.81,150.77,149.37,149.67,25332461
2024-01-01 17:59:47,149.6,153.43,148.86,150.66,43831522
2024-01-02 17:59:47,147.04,147.9,145.48,147.0,41864083
2024-01-03 17:59:47,146.48,146.59,145.12,145.57,43146919
2024-01-04 17:59:47,146.1,146.37,145.5,145.99,22851702
2024-01-05 17:59:47,147.67,148.54,147.25,147.78,21346417
2024-01-08 17:59:47,149.55,150.48,148.8,150.31,38963659
2024-01-09 17:59:47,155.55,156.74,153.83,155.84,17626002
2024-01-10 17:59:47,157.76,158.05,157.25,157.45,11710088
2024-01-11 17:59:47,153.97,154.75,152.72,153.97,18417780
2024-01-12 17:59:47,150.26,150.3,149.05,150.16,10248652
2024-01-15 17:59:47,152.67,154.73,151.52,152.73,47647321
2024-01-16 17:59:47,156.72,157.88,155.81,156.51,18079319
2024-01-17 17:59:47,157.86,158.01,156.82,157.0,24511389
2024-01-18 17:59:47,159.29,159.61,157.37,158.05,10366337
2024-01-19 17:59:47,157.74,157.85,156.51,157.38,47296673
2024-01-22 17:59:47,153.7,154.98,152.78,153.37,47912776
2024-01-23 17:59:47,155.58,155.6,154.63,155.25,8556889
2024-01-24 17:59:47,153.78,154.97,153.26,153.93,27215934
2024-01-25 17:59:47,155.53,156.16,155.39,155.45,6235318
2024-01-26 17:59:47,158.02,159.27,157.8,158.19,23046081
2024-01-29 17:59:47,158.64,159.59,158.0,158.04,30708449
2024-01-30 17:59:47,156.99,157.51,156.32,156.68,37190355
2024-01-31 17:59:47,157.58,158.98,157.46,157.71,6178693
2024-02-01 17:59:47,157.35,158.4,157.26,157.85,7120743
2024-02-02 17:59:47,156.21,157.05,154.61,156.56,48071169
2024-02-05 17:59:47,158.29,160.2,157.27,159.02,37182246
2024-02-06 17:59:47,156.56,157.62,155.5,155.59,27676893
2024-02-07 17:59:47,158.07,158.67,157.0,157.59,17249265
2024-02-08 17:59:47,155.48,156.56,155.06,155.82,15474031
2024-02-09 17:59:47,158.94,160.43,157.63,159.29,29670288
2024-02-12 17:59:47,160.69,161.89,160.31,160.87,40615076
2024-02-13 17:59:47,162.99,163.99,162.48,163.17,31153786
2024-02-14 17:59:47,162.63,163.44,162.22,162.42,14819828
2024-02-15 17:59:47,159.03,160.86,158.44,159.72,10088107
2024-02-16 17:59:47,160.58,161.47,160.16,160.75,12897141
2024-02-19 17:59:47,163.02,165.0,162.88,164.42,41559413
2024-02-20 17:59:47,163.15,163.8,162.72,162.86,42090856
2024-02-21 17:59:47,161.64,163.08,161.63,161.68,40487963
2024-02-22 17:59:47,159.86,160.81,158.72,159.62,17393197
2024-02-23 17:59:47,158.39,159.03,157.38,158.48,41735046
2024-02-26 17:59:47,158.73,158.85,158.22,158.32,17802033
2024-02-27 17:59:47,158.15,159.73,157.88,158.58,7749282
2024-02-28 17:59:47,161.38,162.89,160.39,161.21,5601927
2024-02-29 17:59:47,160.8,161.26,160.1,161.16,19243000
2024-03-01 17:59:47,157.85,158.67,157.7,157.88,49497941
2024-03-04 17:59:47,159.17,159.34,157.47,158.61,9041103
2024-03-05 17:59:47,157.29,158.26,155.1,157.0,36440189
2024-03-06 17:59:47,158.61,159.84,158.05,158.48,23199155
2024-03-07 17:59:47,156.9,160.46,155.4,157.59,20021059
2024-03-08 17:59:47,158.04,160.33,157.57,158.1,15543218
2024-03-11 17:59:47,159.21,160.43,158.68,159.65,8938484
2024-03-12 17:59:47,160.74,160.85,159.75,160.78,38698538
2024-03-13 17:59:47,160.45,160.92,159.28,159.75,47106918
2024-03-14 17:59:47,161.17,161.69,160.93,161.47,45532254
2024-03-15 17:59:47,164.19,165.29,162.19,163.88,19819760
2024-03-18 17:59:47,163.82,165.73,162.46,164.4,40828133
2024-03-19 17:59:47,166.44,167.03,165.18,166.1,35421806
2024-03-20 17:59:47,164.39,164.57,163.63,164.21,9012818
2024-03-21 17:59:47,164.24,164.48,163.76,164.45,38844282
2024-03-22 17:59:47,164.61,165.12,163.7,164.95,48146911
2024-03-25 17:59:47,163.27,165.08,162.92,163.26,15802961
2024-03-26 17:59:47,161.22,163.28,160.86,161.56,41135900
2024-03-27 17:59:47,161.62,162.22,159.98,161.47,28951691
2024-03-28 17:59:47,165.98,167.3,164.52,166.76,35076293
2024-03-29 17:59:47,166.96,169.8,165.47,167.51,39522320
2024-04-01 17:59:47,166.94,168.16,166.92,167.87,49818118
2024-04-02 17:59:47,169.47,170.14,168.92,169.1,46023868
2024-04-03 17:59:47,170.27,170.44,168.21,169.06,8846095
2024-04-04 17:59:47,174.67,177.16,172.57,174.81,5089988
2024-04-05 17:59:47,177.48,177.88,176.05,177.51,32366150
2024-04-08 17:59:47,174.73,176.32,173.5,175.09,7461621
2024-04-09 17:59:47,174.61,174.69,172.0,173.57,5942772
2024-04-10 17:59:47,173.43,173.84,171.37,172.94,46228982
2024-04-11 17:59:47,171.36,171.46,170.96,171.1,38325861
2024-04-12 17:59:47,172.93,173.09,172.4,172.4,39606491
2024-04-15 17:59:47,171.3,172.71,169.14,170.32,6604256
2024-04-16 17:59:47,169.15,170.13,168.71,169.21,13172992
2024-04-17 17:59:47,175.64,176.58,174.21,175.4,8682826
2024-04-18 17:59:47,173.54,175.02,172.58,174.14,34542474
2024-04-19 17:59:47,174.98,175.85,174.86,175.33,17934159
2024-04-22 17:59:47,178.2,179.68,177.95,179.0,34086640
2024-04-23 17:59:47,177.97,178.37,176.77,177.68,6617550
2024-04-24 17:59:47,176.08,177.4,175.86,176.27,10410418
2024-04-25 17:59:47,171.2,171.2,170.45,170.98,34220979
2024-04-26 17:59:47,174.89,175.79,173.64,174.26,36580588
2024-04-29 17:59:47,175.39,175.8,174.44,174.59,42717027
2024-04-30 17:59:47,172.01,174.16,171.04,173.04,32280198
2024-05-01 17:59:47,176.17,176.61,175.41,175.94,30289795
2024-05-02 17:59:47,170.57,171.44,169.16,170.5,38581397
2024-05-03 17:59:47,175.25,175.76,174.92,175.7,29495510
2024-05-06 17:59:47,176.88,177.72,175.4,176.39,37957066
2024-05-07 17:59:47,178.68,178.83,178.06,178.74,22482091
2024-05-08 17:59:47,175.15,175.24,174.89,174.93,37531228
2024-05-09 17:59:47,177.41,179.11,174.85,177.48,21848973
2024-05-10 17:59:47,177.2,178.48,175.73,176.54,43785346
2024-05-13 17:59:47,175.92,177.27,175.85,176.01,20089608
2024-05-14 17:59:47,179.11,179.41,177.55,178.83,35082306
2024-05-15 17:59:47,178.98,179.18,178.56,178.9,36773014
2024-05-16 17:59:47,182.36,183.52,181.15,181.64,45010024
2024-05-17 17:59:47,184.11,185.05,183.03,184.97,9025742
2024-05-20 17:59:47,185.68,187.28,184.48,186.04,26232963
2024-05-21 17:59:47,188.69,189.38,187.58,187.74,31420578
2024-05-22 17:59:47,188.25,188.34,187.02,187.87,12443816
2024-05-23 17:59:47,186.2,186.96,184.96,186.3,9967583
2024-05-24 17:59:47,190.69,192.89,190.66,190.97,31093696
2024-05-27 17:59:47,187.24,190.94,186.28,188.5,11493172
2024-05-28 17:59:47,185.78,186.77,185.57,185.88,5973139
2024-05-29 17:59:47,181.96,184.93,181.49,182.88,39053036
2024-05-30 17:59:47,191.45,191.96,190.19,191.8,6120980
2024-05-31 17:59:47,192.46,193.19,191.39,192.2,41094807
2024-06-03 17:59:47,195.01,196.79,192.29,194.5,12200305
2024-06-04 17:59:47,192.67,193.13,191.88,192.96,5153060
2024-06-05 17:59:47,191.57,192.75,191.45,192.12,48947112
2024-06-06 17:59:47,193.25,194.35,192.4,192.61,48919193
2024-06-07 17:59:47,194.18,195.8,193.49,195.05,41247728
2024-06-10 17:59:47,199.0,201.5,198.17,199.01,13908259
2024-06-11 17:59:47,197.53,198.59,197.38,198.22,28972983
2024-06-12 17:59:47,198.71,200.27,196.75,199.64,14335247
2024-06-13 17:59:47,204.54,205.31,202.92,203.63,24305952
2024-06-14 17:59:47,202.94,203.48,202.26,202.69,46236393
2024-06-17 17:59:47,202.89,203.69,201.54,202.06,43855458
2024-06-18 17:59:47,204.92,205.47,203.54,205.03,28432868
2024-06-19 17:59:47,204.17,204.69,203.64,204.35,14421504
2024-06-20 17:59:47,202.46,202.66,202.24,202.51,34635015
2024-06-21 17:59:47,199.98,200.63,198.48,200.23,38153872
2024-06-24 17:59:47,199.37,201.78,197.79,199.3,47250006
2024-06-25 17:59:47,199.26,200.4,198.03,199.51,5391066
2024-06-26 17:59:47,202.1,202.85,200.25,200.94,40497043
2024-06-27 17:59:47,201.95,202.86,199.56,201.05,33415709
2024-06-28 17:59:47,201.1,203.96,199.64,202.76,21903542
2024-07-01 17:59:47,202.22,205.34,201.15,202.32,20489397
2024-07-02 17:59:47,199.53,201.46,197.58,199.09,14591096
2024-07-03 17:59:47,198.02,200.23,196.36,199.11,7374691
2024-07-04 17:59:47,197.16,199.08,196.89,197.54,25577361
2024-07-05 17:59:47,196.7,197.46,196.2,196.6,16554976
2024-07-08 17:59:47,195.78,197.61,195.7,196.24,16861502
2024-07-09 17:59:47,195.06,195.3,193.47,194.47,17675237
2024-07-10 17:59:47,193.51,194.52,191.81,193.48,7416202
2024-07-11 17:59:47,192.76,193.41,191.53,192.39,6735495
2024-07-12 17:59:47,188.96,189.01,187.64,188.78,27041033
2024-07-15 17:59:47,192.92,193.25,192.28,192.75,37241808
2024-07-16 17:59:47,191.76,192.53,190.97,191.42,26858108
2024-07-17 17:59:47,187.83,188.89,187.41,187.94,44765444
2024-07-18 17:59:47,189.83,190.4,187.84,189.88,43650448
2024-07-19 17:59:47,188.86,189.57,188.03,188.97,25905264
2024-07-22 17:59:47,191.53,191.9,189.77,191.6,18877669
2024-07-23 17:59:47,190.94,193.3,190.89,191.33,8138445
2024-07-24 17:59:47,191.66,193.17,191.34,192.41,18773398
2024-07-25 17:59:47,189.45,190.4,188.89,190.27,44508811
2024-07-26 17:59:47,189.24,190.16,186.84,189.63,13539084
2024-07-29 17:59:47,194.23,195.7,193.52,194.43,32589619
2024-07-30 17:59:47,199.27,200.49,197.7,200.31,32591600
2024-07-31 17:59:47,197.57,199.13,197.39,198.4,32930453
2024-08-01 17:59:47,202.67,202.85,202.24,202.69,49911460
2024-08-02 17:59:47,203.28,203.97,201.44,202.09,20331845
2024-08-05 17:59:47,197.52,198.12,196.93,198.05,15853361
2024-08-06 17:59:47,202.08,202.64,199.91,201.1,24769110
2024-08-07 17:59:47,197.88,197.98,197.07,197.7,33290233
2024-08-08 17:59:47,195.27,195.88,194.38,195.61,13485233
2024-08-09 17:59:47,191.71,194.3,191.4,191.57,44827366
2024-08-12 17:59:47,186.55,186.93,185.89,186.76,28379769
2024-08-13 17:59:47,187.73,188.04,187.61,187.9,44071299
2024-08-14 17:59:47,189.04,190.27,188.75,190.01,24557721
2024-08-15 17:59:47,184.6,185.75,182.43,185.06,33195520
2024-08-16 17:59:47,185.42,185.58,184.76,185.51,11386440
2024-08-19 17:59:47,183.86,186.06,183.05,184.45,9353119
2024-08-20 17:59:47,185.64,186.19,185.01,185.5,28140597
2024-08-21 17:59:47,183.37,183.86,182.35,183.71,37408512
2024-08-22 17:59:47,185.93,186.08,184.98,185.54,33385191
2024-08-23 17:59:47,189.17,190.33,188.11,189.64,6350097
2024-08-26 17:59:47,189.16,191.05,188.94,190.4,28241558
2024-08-27 17:59:47,190.1,191.58,188.78,190.2,18865745
2024-08-28 17:59:47,189.38,190.76,188.47,188.74,34737171
2024-08-29 17:59:47,187.65,189.05,186.75,187.78,42524250
2024-08-30 17:59:47,190.87,191.96,190.24,191.28,46830371
2024-09-02 17:59:47,193.86,194.14,193.72,193.97,16849225
2024-09-03 17:59:47,188.93,189.77,186.73,188.79,25682448
2024-09-04 17:59:47,187.57,188.89,185.55,187.65,21507693
2024-09-05 17:59:47,187.73,189.0,187.57,187.78,45747792
2024-09-06 17:59:47,186.31,186.67,184.51,186.39,39794552
2024-09-09 17:59:47,185.38,186.64,184.36,185.63,8071951
2024-09-10 17:59:47,180.07,181.57,179.84,180.6,24883321
2024-09-11 17:59:47,178.63,179.02,176.69,177.61,35461972
2024-09-12 17:59:47,180.28,181.8,179.63,180.84,43710181
2024-09-13 17:59:47,178.38,180.11,176.84,179.65,46681220
2024-09-16 17:59:47,182.57,183.38,180.78,182.3,49549472
2024-09-17 17:59:47,180.63,181.27,179.06,180.44,24003809
2024-09-18 17:59:47,182.3,183.7,180.99,182.2,14159265
2024-09-19 17:59:47,184.76,186.57,184.5,185.64,34325856
2024-09-20 17:59:47,186.27,188.06,185.2,186.32,28035782
2024-09-23 17:59:47,188.28,188.34,187.96,187.97,12777712
2024-09-24 17:59:47,184.39,184.65,184.04,184.41,26002885
2024-09-25 17:59:47,186.37,187.6,185.86,187.41,24083054
2024-09-26 17:59:47,192.35,192.73,190.37,191.38,11359234
2024-09-27 17:59:47,190.85,190.96,189.45,190.32,47948680
2024-09-30 17:59:47,182.92,185.33,180.39,184.32,41618126
2024-10-01 17:59:47,187.93,189.35,185.86,188.66,5696747
2024-10-02 17:59:47,183.26,185.6,182.41,184.06,43499747
2024-10-03 17:59:47,187.56,188.79,185.95,186.34,18535431
2024-10-04 17:59:47,186.33,187.36,185.67,186.25,47701593
2024-10-07 17:59:47,184.01,185.95,183.72,184.06,29609720
2024-10-08 17:59:47,181.53,183.26,180.74,182.17,14397148
2024-10-09 17:59:47,183.63,184.87,183.42,183.45,37598979
2024-10-10 17:59:47,181.09,182.74,180.74,181.26,45484997
2024-10-11 17:59:47,178.59,179.67,177.72,178.71,18557466
2024-10-14 17:59:47,178.57,179.4,177.5,178.37,46473480
2024-10-15 17:59:47,179.11,179.74,178.8,179.35,6738925
2024-10-16 17:59:47,177.19,177.58,175.25,176.94,11119907
2024-10-17 17:59:47,175.84,177.98,174.87,175.83,41946187
2024-10-18 17:59:47,176.43,177.07,175.5,176.46,22648246
2024-10-21 17:59:47,174.28,174.33,172.04,174.27,16324459
2024-10-22 17:59:47,176.82,177.48,175.14,175.97,13194108
2024-10-23 17:59:47,178.99,181.93,177.93,179.06,31027411
2024-10-24 17:59:47,178.44,179.35,177.5,178.09,9514585
2024-10-25 17:59:47,177.25,178.01,176.12,177.31,26948387
2024-10-28 17:59:47,174.31,174.93,174.29,174.64,38974743
2024-10-29 17:59:47,175.45,177.03,175.43,176.34,29035643
2024-10-30 17:59:47,176.09,176.29,173.66,175.51,8639661
2024-10-31 17:59:47,174.54,175.06,174.42,174.6,40650725
2024-11-01 17:59:47,173.63,174.77,172.61,172.65,11131589
2024-11-04 17:59:47,175.36,177.23,175.26,176.19,14903893
2024-11-05 17:59:47,175.86,176.15,175.43,175.65,42264183
2024-11-06 17:59:47,179.61,180.27,178.84,178.99,47129937
2024-11-07 17:59:47,177.03,177.94,176.34,177.47,30852724
2024-11-08 17:59:47,177.65,181.07,177.41,178.77,47216803
2024-11-11 17:59:47,176.64,177.16,176.49,176.7,37242412
2024-11-12 17:59:47,176.36,177.89,174.35,177.28,17023573
2024-11-13 17:59:47,176.98,177.48,176.46,176.92,16562521
2024-11-14 17:59:47,176.28,176.93,174.14,175.3,43538113
2024-11-15 17:59:47,176.12,177.56,175.82,176.47,45660766
2024-11-18 17:59:47,172.84,173.46,172.5,173.18,30917640
2024-11-19 17:59:47,173.31,174.37,172.4,172.89,6194924
2024-11-20 17:59:47,169.78,171.52,169.41,170.32,39487348
2024-11-21 17:59:47,175.31,176.4,173.39,173.51,21411638
2024-11-22 17:59:47,175.25,175.72,174.3,174.32,27429640
2024-11-25 17:59:47,175.72,176.21,175.39,175.87,36134599
2024-11-26 17:59:47,176.81,177.09,174.58,176.7,44006073
2024-11-27 17:59:47,175.38,175.85,174.01,175.22,18796224
2024-11-28 17:59:47,175.12,176.22,174.21,175.25,8953354
2024-11-29 17:59:47,169.36,170.64,167.87,170.4,20508814
2024-12-02 17:59:47,168.95,169.76,168.85,169.14,21846239
2024-12-03 17:59:47,168.28,170.16,167.49,168.76,30697412
2024-12-04 17:59:47,171.39,172.24,170.45,171.34,10321776
2024-12-05 17:59:47,167.91,169.3,167.25,168.85,46299352
2024-12-06 17:59:47,169.7,169.99,169.67,169.67,35396095
2024-12-09 17:59:47,166.42,166.53,165.8,166.06,20859960
2024-12-10 17:59:47,164.43,164.78,162.87,164.14,17799824
2024-12-11 17:59:47,161.7,161.82,160.03,160.43,21334877
2024-12-12 17:59:47,161.58,161.64,160.66,161.12,38209951
2024-12-13 17:59:47,161.12,162.2,160.68,161.85,6905967
2024-12-16 17:59:47,162.36,163.61,161.54,162.01,6098829
2024-12-17 17:59:47,164.02,165.47,162.54,163.34,30245471
2024-12-18 17:59:47,161.49,163.09,159.46,161.27,24391251
2024-12-19 17:59:47,162.46,162.62,161.4,162.16,8134626
2024-12-20 17:59:47,162.9,163.89,160.58,162.8,16851622
2024-12-23 17:59:47,162.74,163.33,161.98,162.33,5509635
2024-12-24 17:59:47,162.3,163.33,161.44,161.62,40178511
2024-12-25 17:59:47,160.05,162.74,158.93,160.6,18981477
2024-12-26 17:59:47,159.82,161.38,158.3,159.61,34453356
2024-12-27 17:59:47,157.28,157.68,155.87,156.75,7502350
2024-12-30 17:59:47,160.03,160.8,159.98,160.67,41093218
2024-12-31 17:59:47,162.81,163.23,161.95,162.81,34107682
2025-01-01 17:59:47,164.76,165.57,164.49,165.0,43681939
2025-01-02 17:59:47,164.63,166.09,163.38,165.75,23261729
2025-01-03 17:59:47,168.28,168.95,167.65,168.32,28735841
2025-01-06 17:59:47,167.54,168.09,166.75,167.5,15945430
2025-01-07 17:59:47,164.44,165.53,164.11,164.18,12950712
2025-01-08 17:59:47,165.34,166.15,164.68,165.71,43877648
2025-01-09 17:59:47,163.34,164.07,161.61,162.89,27705889
2025-01-10 17:59:47,164.52,165.2,164.46,164.78,41000255
2025-01-13 17:59:47,163.65,164.64,162.76,163.05,26457837
2025-01-14 17:59:47,160.41,162.39,159.85,160.35,20241894
2025-01-15 17:59:47,159.25,160.09,158.67,159.53,42304163
2025-01-16 17:59:47,157.29,157.74,156.54,157.48,44255487
2025-01-17 17:59:47,157.57,158.02,157.06,157.69,25259325
2025-01-20 17:59:47,153.59,155.18,152.77,154.68,46184040
2025-01-21 17:59:47,150.76,152.22,149.56,151.59,19159664
2025-01-22 17:59:47,151.49,152.22,150.42,151.37,35286663
2025-01-23 17:59:47,151.36,151.45,150.95,151.23,7159537
2025-01-24 17:59:47,151.47,152.28,149.82,150.76,19705008
2025-01-27 17:59:47,152.12,152.89,151.78,152.3,44367636
2025-01-28 17:59:47,149.14,149.84,148.97,149.16,11233673
2025-01-29 17:59:47,148.43,149.46,148.16,148.69,43644549
2025-01-30 17:59:47,147.7,148.55,145.93,147.31,13519549
2025-01-31 17:59:47,147.54,148.46,146.73,147.2,48900793
2025-02-03 17:59:47,152.91,153.54,150.95,152.07,17200597
2025-02-04 17:59:47,152.22,153.51,151.74,151.79,43840383
2025-02-05 17:59:47,155.6,156.57,154.99,155.36,49590406
2025-02-06 17:59:47,155.87,156.68,154.36,155.02,20797214
2025-02-07 17:59:47,152.03,153.39,151.98,152.56,21083951
2025-02-10 17:59:47,152.96,155.23,152.62,153.47,27575523
2025-02-11 17:59:47,156.39,156.69,155.83,156.11,38203697
2025-02-12 17:59:47,153.62,153.84,151.76,153.75,13411332
2025-02-13 17:59:47,151.04,152.63,150.75,151.54,6585367
2025-02-14 17:59:47,150.23,151.06,148.97,150.04,9369682
2025-02-17 17:59:47,151.33,152.49,150.4,151.17,7639265
2025-02-18 17:59:47,153.96,154.45,152.96,154.39,9626333
2025-02-19 17:59:47,152.18,153.87,151.9,152.67,20323955
2025-02-20 17:59:47,154.11,155.18,151.87,153.57,41425511
2025-02-21 17:59:47,153.79,154.4,152.05,153.31,10000000
2025-02-24 17:59:47,155.47,155.94,155.26,155.31,22391030
2025-02-25 17:59:47,158.27,160.71,158.1,159.36,38193073
2025-02-26 17:59:47,162.05,163.13,161.64,162.73,49786946
2025-02-27 17:59:47,165.18,167.53,163.75,165.93,18339481
2025-02-28 17:59:47,162.76,163.13,162.03,162.24,24574526
2025-03-03 17:59:47,162.02,162.94,161.45,162.21,20597626
2025-03-04 17:59:47,160.5,161.0,160.18,160.39,38638091
2025-03-05 17:59:47,158.87,160.13,158.47,159.59,26558303
2025-03-06 17:59:47,160.56,161.25,159.79,161.18,13385963
2025-03-07 17:59:47,158.92,159.13,158.66,159.02,20829119
2025-03-10 17:59:47,159.18,160.0,159.16,159.71,40090381
2025-03-11 17:59:47,161.27,161.87,160.18,160.99,25581742
2025-03-12 17:59:47,160.58,161.71,160.01,161.6,9016974
2025-03-13 17:59:47,158.95,159.27,158.59,158.67,30596689
2025-03-14 17:59:47,157.13,158.03,157.06,157.68,37338526
2025-03-17 17:59:47,155.66,157.4,154.72,156.64,19147358
2025-03-18 17:59:47,156.15,157.66,155.03,156.38,31783297
2025-03-19 17:59:47,159.22,159.36,158.13,159.04,29611707
2025-03-20 17:59:47,161.02,163.16,160.06,161.83,28496820
2025-03-21 17:59:47,156.96,157.03,155.48,156.52,38726269
2025-03-24 17:59:47,157.3,157.85,156.45,157.11,28628228
2025-03-25 17:59:47,157.63,157.68,156.78,157.33,27264097
2025-03-26 17:59:47,161.84,163.1,161.23,162.29,9231465
2025-03-27 17:59:47,165.81,167.11,165.2,165.95,41795782
2025-03-28 17:59:47,165.92,167.65,164.46,166.81,17021931
2025-03-31 17:59:47,171.58,171.7,171.08,171.24,11459587
2025-04-01 17:59:47,173.81,174.72,170.84,172.83,11065675
2025-04-02 17:59:47,172.98,174.89,172.18,173.75,40558475
2025-04-03 17:59:47,178.46,179.12,177.82,178.47,7183549
2025-04-04 17:59:47,182.18,183.09,181.1,181.51,40745364
2025-04-07 17:59:47,181.08,181.12,180.68,180.78,31469479
2025-04-08 17:59:47,180.39,181.06,179.67,179.96,44921497
2025-04-09 17:59:47,177.1,178.42,176.73,177.68,23764084
2025-04-10 17:59:47,178.28,179.15,178.17,178.6,27680959
2025-04-11 17:59:47,179.62,179.79,178.06,179.14,35185727
2025-04-14 17:59:47,179.74,180.71,179.34,179.99,8079370
2025-04-15 17:59:47,180.41,181.56,178.87,179.63,20543214
2025-04-16 17:59:47,181.44,182.18,181.11,181.21,20205332
2025-04-17 17:59:47,174.87,176.17,174.45,175.06,34852428
2025-04-18 17:59:47,176.84,178.04,175.4,176.14,35050175
2025-04-21 17:59:47,173.75,174.55,173.41,174.51,6433306
2025-04-22 17:59:47,172.98,173.81,172.58,173.22,16762531
2025-04-23 17:59:47,175.81,176.74,175.6,176.05,23424570
2025-04-24 17:59:47,174.28,176.48,172.24,174.33,27138170
2025-04-25 17:59:47,175.15,175.62,173.85,174.11,24263506
2025-04-28 17:59:47,172.85,173.83,172.43,172.69,49500085
2025-04-29 17:59:47,172.27,173.57,171.45,172.87,28176659
2025-04-30 17:59:47,176.91,176.98,176.28,176.57,10670654
2025-05-01 17:59:47,171.02,171.84,169.08,171.71,48003670
2025-05-02 17:59:47,172.77,174.22,171.63,172.4,7749988
2025-05-05 17:59:47,181.19,182.75,180.6,181.6,5939138
2025-05-06 17:59:47,181.76,183.11,180.62,182.25,24153645
2025-05-07 17:59:47,182.83,183.89,182.25,183.25,45051763
2025-05-08 17:59:47,182.15,183.43,180.06,181.74,35430079
2025-05-09 17:59:47,183.97,184.95,182.16,183.08,29377144
2025-05-12 17:59:47,184.97,185.42,184.52,184.78,39933710
2025-05-13 17:59:47,178.79,180.81,177.86,179.29,7837491
2025-05-14 17:59:47,184.35,185.87,184.14,184.97,27026569
2025-05-15 17:59:47,184.05,184.85,182.86,184.06,26174434
2025-05-16 17:59:47,190.8,192.1,190.76,191.53,12181536
2025-05-19 17:59:47,192.49,192.8,190.94,191.98,9072183
2025-05-20 17:59:47,194.95,195.69,194.94,195.14,35580421
2025-05-21 17:59:47,196.15,197.36,195.37,196.29,10409821
2025-05-22 17:59:47,196.69,197.44,194.6,195.67,23943303
2025-05-23 17:59:47,201.27,202.25,200.58,200.85,5857611
2025-05-26 17:59:47,206.27,207.09,204.97,205.93,33946204
2025-05-27 17:59:47,211.54,214.46,210.0,212.9,39068641
2025-05-28 17:59:47,211.4,213.79,210.76,211.93,36732574
2025-05-29 17:59:47,212.14,214.09,210.73,213.06,13671823
2025-05-30 17:59:47,210.39,211.91,209.23,210.78,21760365
2025-06-02 17:59:47,207.78,208.06,205.82,207.76,33044953
2025-06-03 17:59:47,202.49,203.92,202.48,203.55,24853742
2025-06-04 17:59:47,205.53,206.34,203.23,206.14,35582011
2025-06-05 17:59:47,206.82,207.72,205.73,206.94,11795542
2025-06-06 17:59:47,203.2,203.24,201.53,202.14,28929601
2025-06-09 17:59:47,198.86,199.38,198.73,198.83,27824409
2025-06-10 17:59:47,202.08,204.1,201.41,201.91,24887714
2025-06-11 17:59:47,203.97,204.62,203.5,204.11,47426328
2025-06-12 17:59:47,200.83,202.22,200.63,200.93,44561505
2025-06-13 17:59:47,200.13,200.19,197.95,199.53,39702945
2025-06-16 17:59:47,199.26,200.73,199.26,199.68,15081185
2025-06-17 17:59:47,199.95,201.2,199.89,199.94,28522346
2025-06-18 17:59:47,197.95,198.95,197.68,198.73,5748181
2025-06-19 17:59:47,197.38,198.34,196.85,197.94,27882466
2025-06-20 17:59:47,196.95,197.33,193.76,196.23,41423490
2025-06-23 17:59:47,194.85,195.0,193.51,194.8,16615758
2025-06-24 17:59:47,193.54,194.09,192.98,193.79,7478436
2025-06-25 17:59:47,194.2,196.46,193.04,195.04,14772228
2025-06-26 17:59:47,193.11,194.41,192.79,193.83,42537979
2025-06-27 17:59:47,192.7,193.02,189.89,192.14,39732495
2025-06-30 17:59:47,190.79,191.77,190.71,190.82,32888761
2025-07-01 17:59:47,194.49,195.95,192.72,195.41,22762909
2025-07-02 17:59:47,198.47,200.7,197.97,199.37,17110278
2025-07-03 17:59:47,196.97,197.28,196.57,197.13,15629288
2025-07-04 17:59:47,200.57,200.97,199.45,200.82,39219250
2025-07-07 17:59:47,203.21,203.3,202.13,202.95,32077204
2025-07-08 17:59:47,202.81,204.21,202.63,202.9,8151074
2025-07-09 17:59:47,206.21,206.36,204.56,205.78,12537007
2025-07-10 17:59:47,203.44,205.62,202.04,202.5,44355795
2025-07-11 17:59:47,201.78,204.76,201.71,202.41,40447479
2025-07-14 17:59:47,205.48,207.2,205.07,205.86,24871963
2025-07-15 17:59:47,204.53,204.89,202.6,204.7,46968647
2025-07-16 17:59:47,207.25,207.37,206.9,207.34,32767658
2025-07-17 17:59:47,207.65,209.25,207.39,207.47,49285547
2025-07-18 17:59:47,203.48,203.98,201.34,202.42,16720564
2025-07-21 17:59:47,200.27,200.96,198.61,200.38,41944104
2025-07-22 17:59:47,196.66,197.31,195.95,196.63,6626350
2025-07-23 17:59:47,199.56,199.75,199.45,199.51,37959743
2025-07-24 17:59:47,199.85,200.2,197.09,198.28,5075494
2025-07-25 17:59:47,203.37,203.57,202.84,203.06,29755093
2025-07-28 17:59:47,200.62,203.1,199.8,201.97,19135498
2025-07-29 17:59:47,199.69,199.87,197.53,199.46,36654154
2025-07-30 17:59:47,199.83,200.91,197.94,199.73,34302165
2025-07-31 17:59:47,201.24,202.47,200.79,201.19,44492294
2025-08-01 17:59:47,200.5,201.24,198.77,200.74,11848427
2025-08-04 17:59:47,198.61,200.78,198.48,199.82,7007600
2025-08-05 17:59:47,200.98,203.32,200.12,202.41,30645129
2025-08-06 17:59:47,198.41,198.67,198.23,198.6,41452291
2025-08-07 17:59:47,194.34,195.68,192.63,193.78,27781218
2025-08-08 17:59:47,195.45,196.15,193.05,194.7,39474020
2025-08-11 17:59:47,195.22,195.25,193.02,194.71,21637166
2025-08-12 17:59:47,192.36,193.35,191.03,193.16,20230941
2025-08-13 17:59:47,197.43,198.4,196.4,197.44,35920068
2025-08-14 17:59:47,191.54,195.97,190.17,192.28,5138676
2025-08-15 17:59:47,191.77,193.08,188.86,191.15,9917293
2025-08-18 17:59:47,195.54,198.58,195.13,195.85,11608691
2025-08-19 17:59:47,197.92,198.06,197.36,197.82,5594581
2025-08-20 17:59:47,198.96,202.0,197.75,200.31,10245570
2025-08-21 17:59:47,205.83,206.76,205.55,205.77,40522776
2025-08-22 17:59:47,202.18,202.87,199.38,201.84,6826391
2025-08-25 17:59:47,210.95,212.16,210.37,210.63,25437253
2025-08-26 17:59:47,214.94,216.04,212.28,215.1,28372767
2025-08-27 17:59:47,216.66,217.7,216.37,217.45,13034213
2025-08-28 17:59:47,217.49,218.1,216.49,216.75,13531395
2025-08-29 17:59:47,214.24,216.25,214.2,214.69,40629216
2025-09-01 17:59:47,218.82,220.54,218.57,219.0,14823441
2025-09-02 17:59:47,220.16,221.52,218.26,219.61,41338681
2025-09-03 17:59:47,223.37,223.96,222.45,222.76,21629135
2025-09-04 17:59:47,222.7,223.17,222.35,222.65,35192545
2025-09-05 17:59:47,225.57,226.69,223.44,225.09,44772588
2025-09-08 17:59:47,225.43,225.73,223.74,224.06,41385963
2025-09-09 17:59:47,229.35,232.07,229.22,229.64,26365045
2025-09-10 17:59:47,227.59,228.15,225.68,226.84,16152605
2025-09-11 17:59:47,222.61,224.18,221.94,223.38,5392509
2025-09-12 17:59:47,217.95,219.05,217.84,217.84,5571612
2025-09-15 17:59:47,217.74,219.5,215.87,217.43,45734850
2025-09-16 17:59:47,217.47,220.37,216.08,217.55,37500103
2025-09-17 17:59:47,213.11,213.73,212.93,213.46,44908223
2025-09-18 17:59:47,215.13,216.63,213.59,215.15,8474325
2025-09-19 17:59:47,219.15,219.39,217.79,218.5,13690369
2025-09-22 17:59:47,226.15,226.74,225.9,226.17,6838282
2025-09-23 17:59:47,220.74,221.8,220.52,221.56,25664273
2025-09-24 17:59:47,219.64,220.49,217.09,219.33,9337771
2025-09-25 17:59:47,214.25,216.06,213.95,215.03,31893054
2025-09-26 17:59:47,219.86,220.27,218.44,219.0,9636809
2025-09-29 17:59:47,215.34,216.9,214.16,214.86,41005882
2025-09-30 17:59:47,209.3,210.04,208.98,209.66,13803717
2025-10-01 17:59:47,211.82,212.86,211.52,212.52,6628349
2025-10-02 17:59:47,209.57,210.7,207.4,208.01,26657081
2025-10-03 17:59:47,213.99,214.72,213.63,214.53,18046512
2025-10-06 17:59:47,217.79,218.25,217.69,217.71,39465269
2025-10-07 17:59:47,218.04,219.15,216.92,218.4,18042845
2025-10-08 17:59:47,223.27,223.98,221.81,222.94,30420305
2025-10-09 17:59:47,232.33,233.68,230.41,231.56,48326309
2025-10-10 17:59:47,227.86,228.83,226.84,227.01,46943779
2025-10-13 17:59:47,231.84,232.47,230.05,231.14,45913455
2025-10-14 17:59:47,228.92,229.21,227.16,228.59,26769147
2025-10-15 17:59:47,230.35,231.7,227.26,229.32,14428074
2025-10-16 17:59:47,232.15,235.36,230.05,230.65,23226951
2025-10-17 17:59:47,237.46,237.53,235.52,236.94,28745734
2025-10-20 17:59:47,240.17,240.27,239.3,239.82,45117299
2025-10-21 17:59:47,240.31,241.02,237.98,239.55,48146543
2025-10-22 17:59:47,238.73,239.68,238.57,239.17,11973538
2025-10-23 17:59:47,237.3,238.65,234.22,237.14,26239644
2025-10-24 17:59:47,237.11,237.77,235.3,235.97,10870708
2025-10-27 17:59:47,237.14,237.69,235.65,237.06,25863210
2025-10-28 17:59:47,234.11,236.67,233.02,233.96,17457139
2025-10-29 17:59:47,228.64,230.35,227.06,227.77,14423973
2025-10-30 17:59:47,227.94,230.5,227.62,227.84,10205199
2025-10-31 17:59:47,226.49,226.74,224.77,225.36,23142710
2025-11-03 17:59:47,221.19,221.75,220.48,221.27,11544440
2025-11-04 17:59:47,223.53,223.58,222.53,223.45,45349475
2025-11-05 17:59:47,221.04,222.66,220.65,221.25,8327318
2025-11-06 17:59:47,220.08,220.55,219.96,220.0,10363703
2025-11-07 17:59:47,217.81,218.34,216.87,217.73,25976233
2025-11-10 17:59:47,215.81,216.42,212.87,215.13,44130076
2025-11-11 17:59:47,218.77,220.42,215.97,218.53,22525809
2025-11-12 17:59:47,216.62,217.08,214.62,216.98,26563886
2025-11-13 17:59:47,215.28,218.73,214.88,216.93,33320589
2025-11-14 17:59:47,215.87,216.12,214.99,216.01,26674493
2025-11-17 17:59:47,212.11,212.81,211.32,212.18,41608302
2025-11-18 17:59:47,213.79,215.07,212.12,214.43,15282179
2025-11-19 17:59:47,212.32,212.53,211.67,212.5,20986615
2025-11-20 17:59:47,213.27,215.49,212.77,213.25,47352972
2025-11-21 17:59:47,206.15,207.56,204.79,207.27,14099122
2025-11-24 17:59:47,207.84,208.84,206.82,208.01,33936683
2025-11-25 17:59:47,211.02,211.15,209.32,211.01,42926650
2025-11-26 17:59:47,213.27,215.28,211.34,212.57,26306887
2025-11-27 17:59:47,217.1,217.91,217.08,217.5,48487056
2025-11-28 17:59:47,216.8,218.0,216.48,216.55,21260507
2025-12-01 17:59:47,219.11,220.01,218.55,219.44,42069806
2025-12-02 17:59:47,220.72,221.57,218.0,220.77,38281255
2025-12-03 17:59:47,216.46,218.14,215.64,216.64,37143099
2025-12-04 17:59:47,224.22,225.4,223.84,223.91,6208845
2025-12-05 17:59:47,222.94,223.15,222.15,223.07,35026219
2025-12-08 17:59:47,221.45,221.57,218.01,220.66,15331877
2025-12-09 17:59:47,214.94,216.71,212.73,215.14,20694590
2025-12-10 17:59:47,215.44,217.63,215.14,215.55,44819198
2025-12-11 17:59:47,214.67,215.45,212.06,213.28,26931680
2025-12-12 17:59:47,212.53,214.0,210.86,212.51,31321174
2025-12-15 17:59:47,214.55,217.7,214.21,214.22,45899724
2025-12-16 17:59:47,211.25,212.52,210.09,210.65,13060785
2025-12-17 17:59:47,209.44,212.11,208.36,208.72,32062079
2025-12-18 17:59:47,206.87,209.46,206.07,207.14,46781810
2025-12-19 17:59:47,212.42,212.74,209.6,210.36,25504703
2025-12-22 17:59:47,208.29,210.0,207.05,208.72,6239771
2025-12-23 17:59:47,212.51,214.77,212.01,212.39,23039928
2025-12-24 17:59:47,215.63,215.66,211.9,215.14,31859288
2025-12-25 17:59:47,215.34,215.79,214.19,215.53,19064976
2025-12-26 17:59:47,214.96,216.19,213.62,214.72,48529534
2025-12-29 17:59:47,214.72,216.15,212.28,215.34,37890515
2025-12-30 17:59:47,208.48,208.67,206.91,207.37,20969756
2025-12-31 17:59:47,206.42,206.8,205.95,206.51,21362961
2026-01-01 17:59:47,207.29,208.04,207.11,207.24,11532212
2026-01-02 17:59:47,209.67,211.04,208.77,208.77,29963685
2026-01-05 17:59:47,207.66,209.3,205.55,207.14,30882817
2026-01-06 17:59:47,213.94,214.43,211.58,213.48,20420149
2026-01-07 17:59:47,216.95,218.1,216.37,216.74,37953645
2026-01-08 17:59:47,214.56,215.13,213.74,214.89,14411858
2026-01-09 17:59:47,210.57,212.02,209.12,211.15,22953498
2026-01-12 17:59:47,213.63,214.61,212.86,213.17,44966442
2026-01-13 17:59:47,215.79,216.72,213.56,216.01,38611776
2026-01-14 17:59:47,210.96,212.86,208.31,210.99,46979548
2026-01-15 17:59:47,211.17,211.79,209.04,210.94,43961133
2026-01-16 17:59:47,217.73,217.82,216.12,216.61,36260240
2026-01-19 17:59:47,219.9,221.79,219.08,219.22,6981710
2026-01-20 17:59:47,222.18,222.81,220.97,222.2,40148552
2026-01-21 17:59:47,219.24,219.46,218.52,218.8,16405975
2026-01-22 17:59:47,217.06,218.91,216.91,217.46,17726814
2026-01-23 17:59:47,218.53,219.09,217.5,217.98,40174271
2026-01-26 17:59:47,208.99,209.2,207.31,209.0,28301578
2026-01-27 17:59:47,208.85,210.52,207.71,208.86,13072651
2026-01-28 17:59:47,211.49,212.88,209.89,210.38,38366578
2026-01-29 17:59:47,210.01,210.56,209.64,210.32,18115158
2026-01-30 17:59:47,209.56,211.58,209.21,209.86,8509951
2026-02-02 17:59:47,205.53,206.91,205.41,206.72,35139775
2026-02-03 17:59:47,214.64,215.8,214.01,214.83,26406815
2026-02-04 17:59:47,216.96,217.98,216.67,217.73,27720628
2026-02-05 17:59:47,219.89,220.87,219.26,220.29,43655350
2026-02-06 17:59:47,220.43,220.52,218.52,219.62,39667455
2026-02-09 17:59:47,219.4,219.75,217.8,219.26,10939204
2026-02-10 17:59:47,213.66,215.93,212.0,213.85,26862198
2026-02-11 17:59:47,212.88,214.16,211.96,213.22,41327181
2026-02-12 17:59:47,215.63,216.12,214.98,215.77,12254070
2026-02-13 17:59:47,215.28,215.64,214.05,215.53,19109863
2026-02-16 17:59:47,218.1,220.42,217.62,219.63,26709617
2026-02-17 17:59:47,223.72,227.36,221.41,223.42,42406881
2026-02-18 17:59:47,220.7,222.48,219.77,220.0,36362496
2026-02-19 17:59:47,215.15,215.73,214.04,215.42,30622917
2026-02-20 17:59:47,214.63,216.81,213.51,214.76,29981684
2026-02-23 17:59:47,213.41,213.77,211.03,211.69,37779845
2026-02-24 17:59:47,209.87,211.3,207.18,209.71,31072487
2026-02-25 17:59:47,209.17,211.06,208.39,209.47,22784076
2026-02-26 17:59:47,206.27,206.71,204.85,206.16,41487605
2026-02-27 17:59:47,204.63,206.23,204.54,204.87,14728710
2026-03-02 17:59:47,202.75,204.0,202.21,203.82,22983563
2026-03-03 17:59:47,205.58,205.59,204.35,205.19,14062813
2026-03-04 17:59:47,205.88,206.04,204.86,205.69,47300678
2026-03-05 17:59:47,204.74,205.02,203.36,203.57,45734754
2026-03-06 17:59:47,205.79,207.16,202.46,204.49,13482937
2026-03-09 17:59:47,205.42,208.44,203.63,206.22,29022803
2026-03-10 17:59:47,200.15,202.84,198.45,199.05,45444123
2026-03-11 17:59:47,200.94,201.22,198.7,199.71,21307381
2026-03-12 17:59:47,202.55,203.35,202.13,202.44,42991774
2026-03-13 17:59:47,203.54,204.64,202.55,204.56,18307419
2026-03-16 17:59:47,204.36,205.77,202.3,204.19,25822856
2026-03-17 17:59:47,204.53,205.6,201.94,205.12,20868902
2026-03-18 17:59:47,204.23,205.7,202.86,203.4,48145122
2026-03-19 17:59:47,207.84,209.36,206.26,207.5,23615329
2026-03-20 17:59:47,207.87,209.59,206.36,207.43,16183621
2026-03-23 17:59:47,206.21,207.31,203.76,206.69,14107839
2026-03-24 17:59:47,206.69,206.87,204.71,205.96,8514882
2026-03-25 17:59:47,206.96,207.49,206.11,206.53,38247952
2026-03-26 17:59:47,210.51,212.74,209.78,211.3,27506411
2026-03-27 17:59:47,214.28,214.69,211.25,213.66,9920396
2026-03-30 17:59:47,218.98,220.8,218.94,220.3,19987265
2026-03-31 17:59:47,221.98,224.07,220.57,221.35,6133234
2026-04-01 17:59:47,226.73,229.11,226.35,226.5,6037681
2026-04-02 17:59:47,235.56,235.94,235.34,235.51,46229933
2026-04-03 17:59:47,234.31,234.73,232.48,232.85,21141746
2026-04-06 17:59:47,235.41,236.32,232.85,234.74,46786386
2026-04-07 17:59:47,230.98,231.8,230.96,231.64,10533351
2026-04-08 17:59:47,225.7,226.13,223.58,225.66,33397368
2026-04-09 17:59:47,229.26,230.87,229.0,230.2,40877469
2026-04-10 17:59:47,234.93,237.02,234.75,235.72,28490959
2026-04-13 17:59:47,242.89,243.43,241.09,243.28,10317093
2026-04-14 17:59:47,241.89,243.5,240.14,242.11,49535110
2026-04-15 17:59:47,246.98,247.83,244.92,246.22,45256574
2026-04-16 17:59:47,246.35,247.12,244.82,246.14,9629178
2026-04-17 17:59:47,247.75,247.89,245.99,247.26,18532345
2026-04-20 17:59:47,249.1,252.83,248.57,250.56,15305418
2026-04-21 17:59:47,242.9,244.9,242.74,243.5,10680797
2026-04-22 17:59:47,244.06,244.18,242.89,244.11,30964418
2026-04-23 17:59:47,240.06,244.31,239.62,240.93,44943690
2026-04-24 17:59:47,242.27,243.78,241.78,242.31,18931918
2026-04-27 17:59:47,241.23,242.99,240.88,241.24,27923350
2026-04-28 17:59:47,242.82,243.01,240.56,242.51,27359694
2026-04-29 17:59:47,244.1,246.78,242.65,243.76,5547081
2026-04-30 17:59:47,243.11,244.93,242.31,242.88,26099609
2026-05-01 17:59:47,243.73,247.05,243.13,244.14,12173589
2026-05-04 17:59:47,244.32,246.36,244.15,246.05,43838939
2026-05-05 17:59:47,238.37,240.39,234.93,238.89,48934662
2026-05-06 17:59:47,240.83,241.39,240.12,240.54,25689968
2026-05-07 17:59:47,239.41,241.12,238.71,240.1,45330269
2026-05-08 17:59:47,237.18,237.57,234.45,236.23,42721815
2026-05-11 17:59:47,232.8,233.91,232.3,233.76,43581415
2026-05-12 17:59:47,231.8,232.84,231.18,231.91,22479381
2026-05-13 17:59:47,236.49,236.71,234.23,236.18,49485096
2026-05-14 17:59:47,238.39,239.35,237.47,238.62,28384121
2026-05-15 17:59:47,239.43,240.69,238.56,239.97,17265751
2026-05-18 17:59:47,236.32,238.89,235.0,237.35,40698151
2026-05-19 17:59:47,240.3,241.47,239.81,240.53,5404292
2026-05-20 17:59:47,244.89,246.01,244.36,245.55,34549617
2026-05-21 17:59:47,243.64,245.13,242.04,242.98,23213449
2026-05-22 17:59:47,240.66,241.52,239.59,241.12,38606171
2026-05-25 17:59:47,243.02,246.02,241.52,242.13,5849797
2026-05-26 17:59:47,244.02,244.73,242.41,244.38,49010745
2026-05-27 17:59:47,247.63,248.05,244.97,246.37,24745044
2026-05-28 17:59:47,248.53,248.59,247.44,247.93,37107039
2026-05-29 17:59:47,248.77,249.1,246.93,248.74,27310322
2026-06-01 17:59:47,244.67,245.76,243.58,245.11,13024271
2026-06-02 17:59:47,240.59,242.42,239.64,241.61,42238881
2026-06-03 17:59:47,240.16,241.34,236.93,239.32,10352570
2026-06-04 17:59:47,233.98,236.98,233.35,235.31,46006932
2026-06-05 17:59:47,242.5,243.43,240.85,241.8,42958685
2026-06-08 17:59:47,247.25,248.85,245.99,248.06,32541560
2026-06-09 17:59:47,245.85,248.01,245.21,246.65,22243093
2026-06-10 17:59:47,247.25,248.07,246.34,247.58,9216351
2026-06-11 17:59:47,249.09,250.25,246.83,248.73,16634848
2026-06-12 17:59:47,251.89,252.85,251.4,252.4,39304661
2026-06-15 17:59:47,258.29,260.72,256.62,259.45,19116624
2026-06-16 17:59:47,261.25,263.16,260.35,262.19,45364109
2026-06-17 17:59:47,261.17,261.57,259.26,260.08,20504284
2026-06-18 17:59:47,261.31,261.91,261.08,261.46,11754683
2026-06-19 17:59:47,258.79,259.69,258.09,259.62,48295701
2026-06-22 17:59:47,269.41,271.63,267.67,268.27,11277202
2026-06-23 17:59:47,266.6,267.16,266.04,266.71,27834341
2026-06-24 17:59:47,262.74,263.79,261.14,262.97,21142946
2026-06-25 17:59:47,265.21,265.57,261.96,263.98,15064769
2026-06-26 17:59:47,263.47,264.1,261.33,264.01,21378319
2026-06-29 17:59:47,261.13,262.79,261.05,261.4,29134336
2026-06-30 17:59:47,253.07,254.35,251.8,254.04,13592312
2026-07-01 17:59:47,258.73,261.02,257.5,259.14,35233534
2026-07-02 17:59:47,256.93,257.49,255.14,256.11,23393743
2026-07-03 17:59:47,253.53,254.08,252.99,253.97,11561883
2026-07-06 17:59:47,256.28,258.63,255.76,255.77,21000280
2026-07-07 17:59:47,258.87,260.18,257.63,258.58,24102869
2026-07-08 17:59:47,254.5,256.02,253.77,254.59,23225162
2026-07-09 17:59:47,251.46,252.64,250.32,251.03,7149414
2026-07-10 17:59:47,253.85,254.26,253.4,254.02,11104273
2026-07-13 17:59:47,252.28,254.45,251.22,253.69,43346692
2026-07-14 17:59:47,249.53,251.08,249.15,250.46,44283901
2026-07-15 17:59:47,249.16,250.93,248.42,248.65,17260301
2026-07-16 17:59:47,249.26,251.39,247.15,248.74,8740990
2026-07-17 17:59:47,252.03,253.03,251.9,252.17,49248787
2026-07-20 17:59:47,247.53,248.35,245.56,247.1,9474832
2026-07-21 17:59:47,248.35,249.4,246.9,247.91,15655907
2026-07-22 17:59:47,246.51,248.24,245.43,247.32,23298959
2026-07-23 17:59:47,249.14,250.15,247.12,249.52,14717632
2026-07-24 17:59:47,250.42,251.29,250.33,250.56,23512465
2026-07-27 17:59:47,256.18,256.5,253.92,255.51,39340394
2026-07-28 17:59:47,252.01,255.21,250.7,251.07,38199002
2026-07-29 17:59:47,250.97,251.29,249.15,251.11,42195023
2026-07-30 17:59:47,249.24,249.99,246.84,248.11,8951695
2026-07-31 17:59:47,245.56,246.15,244.75,244.89,19538458
2026-08-03 17:59:47,239.82,243.66,239.06,241.35,16356889
2026-08-04 17:59:47,241.09,242.89,238.78,240.8,12853490
2026-08-05 17:59:47,241.83,243.68,239.88,242.96,12010459
2026-08-06 17:59:47,241.58,243.87,240.55,242.19,16489784
2026-08-07 17:59:47,246.44,247.04,242.25,246.91,9025767
2026-08-10 17:59:47,246.33,248.25,246.1,246.6,47441272
2026-08-11 17:59:47,247.62,248.06,245.92,246.98,38371559
2026-08-12 17:59:47,247.56,249.13,246.91,248.69,44734582
2026-08-13 17:59:47,250.55,250.99,248.09,249.37,19555436
2026-08-14 17:59:47,242.63,244.87,241.74,243.05,41856914
2026-08-17 17:59:47,243.41,244.8,242.5,243.32,40522071
2026-08-18 17:59:47,241.52,241.92,241.21,241.48,31030350
2026-08-19 17:59:47,241.09,241.63,239.32,241.16,48300825
2026-08-20 17:59:47,236.73,239.01,235.24,237.15,34285021
2026-08-21 17:59:47,234.49,234.85,232.69,233.86,20048812
